,low,high
0,4095,4095
1,2383,2831
2,2377,2640
3,2250,2327
4,2169,2022
5,2078,1841
6,2014,1761
7,2045,1812
8,2072,2048
9,2172,2238
10,2180,2271
11,2205,2317
12,2204,2307
13,2198,2248
14,2170,2164
15,2151,2124
16,2150,2152
17,2152,2168
18,2156,2142
19,2160,2107
20,2140,2117
21,2142,2143
22,2139,2135
23,2144,2136
24,2154,2154
25,2162,2169
26,2162,2178
27,2159,2170
28,2156,2152
29,2151,2144
30,2155,2144
31,2152,2137
32,2144,2134
33,2160,2134
34,2157,2149
35,2157,2159
36,2165,2149
37,2160,2144
38,2155,2143
39,2152,2144
40,2158,2139
41,2156,2136
42,2156,2133
43,2161,2146
44,2158,2157
45,2153,2157
46,2162,2159
47,2153,2157
48,2152,2149
49,2159,2147
50,2156,2146
51,2154,2144
52,2157,2147
53,2153,2145
54,2157,2145
55,2155,2145
56,2156,2146
57,2152,2146
58,2157,2145
59,2164,2142
60,2158,2151
61,2161,2155
62,2160,2153
63,2163,2154
64,2168,2157
65,2152,2155
66,2147,2160
67,2150,2158
68,2159,2170
69,2167,2163
70,2165,2161
71,2166,2158
72,2165,2162
73,2159,2164
74,2162,2164
75,2164,2169
76,2163,2164
77,2169,2160
78,2170,2161
79,2172,2165
80,2163,2161
81,2171,2156
82,2168,2156
83,2162,2161
84,2170,2163
85,2163,2163
86,2161,2175
87,2166,2158
88,2166,2160
89,2170,2153
90,2171,2161
91,2167,2164
92,2164,2161
93,2168,2162
94,2166,2166
95,2165,2170
96,2171,2169
97,2175,2174
98,2170,2165
99,2168,2169
100,2172,2170
101,2163,2168
102,2163,2170
103,2178,2166
104,2178,2170
105,2168,2173
106,2168,2178
107,2168,2174
108,2166,2180
109,2166,2182
110,2167,2169
111,2176,2169
112,2164,2171
113,2164,2170
114,2169,2168
115,2164,2171
116,2164,2174
117,2162,2167
118,2165,2161
119,2171,2166
120,2175,2174
121,2176,2174
122,2177,2158
123,2164,2158
124,2171,2166
125,2171,2166
126,2175,2168
127,2169,2170
128,2160,2167
129,2171,2165
130,2170,2164
131,2173,2166
132,2174,2162
133,2176,2168
134,2162,2166
135,2161,2170
136,2162,2170
137,2165,2166
138,2169,2159
139,2173,2165
140,2168,2169
141,2166,2173
142,2170,2173
143,2165,2172
144,2166,2174
145,2171,2171
146,2166,2170
147,2161,2171
148,2159,2175
149,2163,2169
150,2159,2172
151,2163,2172
152,2165,2177
153,2168,2179
154,2164,2173
155,2166,2169
156,2170,2170
157,2167,2168
158,2172,2163
159,2174,2164
160,2174,2170
161,2169,2176
162,2174,2175
163,2171,2172
164,2174,2170
165,2158,2167
166,2165,2165
167,2164,2173
168,2166,2169
169,2174,2168
170,2167,2166
171,2168,2169
172,2169,2173
173,2173,2168
174,2173,2168
175,2165,2178
176,2158,2174
177,2157,2173
178,2164,2173
179,2168,2176
180,2170,2166
181,2163,2162
182,2165,2171
183,2171,2173
184,2169,2167
185,2163,2171
186,2161,2177
187,2164,2168
188,2174,2169
189,2163,2179
190,2154,2169
191,2161,2164
192,2164,2172
193,2173,2177
194,2169,2174
195,2178,2173
196,2168,2174
197,2180,2169
198,2171,2174
199,2178,2177
200,2164,2175
201,2181,2176
202,2172,2174
203,2177,2177
204,2181,2174
205,2172,2177
206,2177,2181
207,2170,2179
208,2183,2180
209,2174,2173
210,2173,2178
211,2166,2174
212,2165,2176
213,2175,2177
214,2172,2174
215,2171,2179
216,2172,2181
217,2168,2177
218,2171,2167
219,2176,2174
220,2174,2176
221,2165,2168
222,2169,2173
223,2169,2176
224,2178,2179
225,2177,2178
226,2172,2175
227,2181,2178
228,2180,2180
229,2174,2183
230,2177,2178
231,2171,2177
232,2176,2189
233,2171,2183
234,2169,2171
235,2160,2181
236,2169,2179
237,2177,2173
238,2174,2173
239,2165,2175
240,2170,2176
241,2173,2175
242,2176,2177
243,2179,2174
244,2175,2172
245,2170,2166
246,2174,2166
247,2167,2178
248,2160,2183
249,2171,2177
250,2168,2173
251,2169,2175
252,2175,2176
253,2166,2177
254,2167,2169
255,2176,2175
256,2170,2177
257,2164,2177
258,2165,2176
259,2166,2180
260,2167,2175
261,2172,2180
262,2169,2183
263,2169,2180
264,2172,2181
265,2169,2189
266,2168,2191
267,2173,2182
268,2171,2184
269,2165,2185
270,2172,2191
271,2161,2194
272,2168,2196
273,2175,2191
274,2171,2189
275,2170,2186
276,2176,2185
277,2175,2183
278,2171,2184
279,2175,2191
280,2176,2187
281,2169,2184
282,2175,2182
283,2180,2185
284,2176,2180
285,2175,2182
286,2173,2185
287,2174,2186
288,2178,2186
289,2176,2180
290,2176,2179
291,2170,2185
292,2166,2190
293,2176,2183
294,2175,2184
295,2168,2186
296,2168,2181
297,2175,2177
298,2172,2182
299,2170,2184
300,2168,2178
301,2162,2188
302,2170,2189
303,2175,2190
304,2176,2188
305,2177,2185
306,2174,2191
307,2171,2193
308,2173,2190
309,2177,2188
310,2180,2192
311,2165,2192
312,2173,2189
313,2173,2187
314,2182,2192
315,2171,2184
316,2175,2184
317,2168,2190
318,2185,2193
319,2176,2192
320,2178,2190
321,2174,2190
322,2175,2181
323,2186,2176
324,2181,2178
325,2172,2183
326,2172,2186
327,2172,2185
328,2168,2183
329,2173,2188
330,2175,2183
331,2168,2177
332,2178,2180
333,2171,2187
334,2168,2187
335,2168,2179
336,2178,2175
337,2175,2177
338,2177,2183
339,2178,2187
340,2171,2188
341,2179,2186
342,2175,2184
343,2178,2185
344,2178,2182
345,2174,2183
346,2173,2186
347,2179,2193
348,2179,2189
349,2178,2188
350,2175,2190
351,2168,2191
352,2174,2191
353,2179,2187
354,2180,2185
355,2182,2188
356,2176,2186
357,2179,2186
358,2186,2185
359,2180,2191
360,2173,2189
361,2174,2184
362,2187,2187
363,2180,2184
364,2180,2187
365,2181,2188
366,2177,2179
367,2177,2180
368,2186,2190
369,2179,2183
370,2173,2172
371,2173,2180
372,2173,2191
373,2183,2183
374,2185,2187
375,2172,2180
376,2176,2183
377,2176,2175
378,2168,2180
379,2169,2188
380,2171,2190
381,2173,2187
382,2176,2184
383,2178,2189
384,2181,2180
385,2167,2178
386,2173,2183
387,2170,2187
388,2162,2194
389,2169,2188
390,2169,2186
391,2173,2181
392,2172,2183
393,2172,2183
394,2163,2186
395,2164,2180
396,2168,2184
397,2178,2181
398,2175,2188
399,2179,2185
400,2177,2182
401,2177,2183
402,2174,2180
403,2177,2185
404,2178,2183
405,2176,2179
406,2170,2173
407,2172,2177
408,2177,2184
409,2169,2172
410,2172,2182
411,2172,2176
412,2174,2183
413,2172,2180
414,2171,2178
415,2173,2174
416,2170,2177
417,2167,2184
418,2167,2184
419,2174,2181
420,2176,2175
421,2166,2177
422,2161,2182
423,2170,2189
424,2172,2185
425,2171,2179
426,2167,2185
427,2173,2178
428,2177,2182
429,2178,2180
430,2171,2182
431,2170,2190
432,2173,2186
433,2168,2179
434,2171,2177
435,2179,2174
436,2176,2171
437,2165,2179
438,2167,2177
439,2175,2176
440,2177,2175
441,2167,2174
442,2173,2169
443,2176,2169
444,2172,2178
445,2171,2176
446,2171,2174
447,2167,2179
448,2173,2186
449,2178,2179
450,2176,2168
451,2181,2177
452,2180,2183
453,2173,2174
454,2174,2174
455,2165,2169
456,2161,2166
457,2165,2171
458,2168,2175
459,2167,2175
460,2169,2173
461,2164,2176
462,2174,2177
463,2172,2172
464,2168,2166
465,2168,2166
466,2164,2173
467,2164,2176
468,2175,2180
469,2173,2186
470,2168,2184
471,2168,2181
472,2165,2176
473,2163,2174
474,2159,2179
475,2155,2184
476,2161,2181
477,2160,2176
478,2160,2176
479,2169,2180
480,2171,2179
481,2165,2181
482,2172,2182
483,2175,2176
484,2168,2176
485,2169,2176
486,2168,2181
487,2164,2175
488,2161,2165
489,2163,2170
490,2158,2172
491,2153,2177
492,2153,2175
493,2164,2170
494,2168,2177
495,2167,2174
496,2166,2169
497,2164,2173
498,2166,2171
499,2165,2177
500,2160,2178
501,2161,2174
502,2163,2174
503,2165,2174
504,2165,2169
505,2163,2166
506,2167,2172
507,2169,2173
508,2163,2172
509,2160,2174
510,2159,2178
511,2161,2182
512,2158,2177
513,2163,2180
514,2165,2178
515,2159,2174
516,2161,2174
517,2172,2174
518,2166,2173
519,2167,2173
520,2168,2178
521,2178,2169
522,2163,2166
523,2161,2169
524,2163,2174
525,2168,2178
526,2165,2172
527,2167,2170
528,2177,2168
529,2168,2169
530,2168,2173
531,2168,2175
532,2164,2175
533,2163,2171
534,2165,2169
535,2161,2172
536,2153,2173
537,2162,2173
538,2171,2171
539,2167,2169
540,2169,2173
541,2173,2174
542,2163,2172
543,2165,2173
544,2165,2171
545,2163,2165
546,2161,2174
547,2163,2171
548,2159,2172
549,2164,2175
550,2159,2174
551,2156,2169
552,2163,2167
553,2157,2166
554,2161,2169
555,2163,2171
556,2159,2177
557,2158,2173
558,2158,2172
559,2166,2173
560,2168,2171
561,2169,2170
562,2169,2172
563,2164,2174
564,2170,2172
565,2172,2170
566,2160,2171
567,2160,2174
568,2163,2177
569,2163,2170
570,2169,2169
571,2163,2177
572,2159,2178
573,2159,2172
574,2162,2169
575,2167,2173
576,2166,2177
577,2167,2172
578,2165,2173
579,2162,2178
580,2164,2185
581,2163,2183
582,2160,2172
583,2163,2171
584,2163,2173
585,2156,2178
586,2163,2169
587,2161,2167
588,2163,2174
589,2163,2177
590,2163,2179
591,2164,2181
592,2159,2178
593,2154,2184
594,2157,2175
595,2161,2172
596,2168,2174
597,2161,2176
598,2162,2177
599,2154,2175
600,2167,2173
601,2158,2178
602,2165,2182
603,2157,2176
604,2158,2170
605,2165,2171
606,2163,2172
607,2169,2172
608,2162,2173
609,2171,2168
610,2165,2171
611,2168,2176
612,2164,2163
613,2168,2164
614,2160,2166
615,2165,2173
616,2151,2174
617,2164,2167
618,2157,2167
619,2160,2176
620,2156,2186
621,2157,2182
622,2158,2171
623,2167,2168
624,2164,2177
625,2171,2172
626,2168,2167
627,2160,2174
628,2157,2179
629,2154,2172
630,2155,2176
631,2155,2178
632,2157,2179
633,2158,2177
634,2160,2173
635,2160,2172
636,2155,2177
637,2158,2172
638,2160,2171
639,2154,2172
640,2157,2170
641,2154,2180
642,2158,2175
643,2166,2174
644,2162,2175
645,2159,2169
646,2168,2173
647,2164,2173
648,2158,2171
649,2159,2165
650,2153,2165
651,2157,2166
652,2157,2164
653,2151,2167
654,2158,2171
655,2161,2166
656,2155,2165
657,2156,2170
658,2158,2169
659,2163,2168
660,2157,2170
661,2160,2168
662,2156,2169
663,2158,2169
664,2161,2166
665,2159,2160
666,2163,2165
667,2157,2169
668,2154,2170
669,2151,2175
670,2153,2177
671,2155,2173
672,2167,2168
673,2166,2167
674,2165,2165
675,2165,2176
676,2162,2161
677,2163,2174
678,2158,2168
679,2162,2169
680,2163,2171
681,2168,2165
682,2166,2162
683,2154,2165
684,2158,2172
685,2166,2173
686,2170,2178
687,2165,2175
688,2160,2173
689,2166,2168
690,2165,2163
691,2167,2164
692,2158,2166
693,2160,2166
694,2162,2166
695,2161,2168
696,2164,2165
697,2167,2157
698,2159,2168
699,2162,2171
700,2164,2161
701,2155,2160
702,2157,2160
703,2155,2168
704,2165,2172
705,2161,2172
706,2156,2168
707,2161,2160
708,2160,2165
709,2154,2170
710,2162,2175
711,2158,2169
712,2162,2163
713,2166,2167
714,2149,2164
715,2154,2167
716,2152,2165
717,2155,2167
718,2162,2165
719,2163,2167
720,2168,2169
721,2165,2166
722,2155,2162
723,2150,2161
724,2159,2164
725,2163,2164
726,2157,2162
727,2160,2161
728,2162,2166
729,2154,2163
730,2154,2158
731,2154,2166
732,2152,2165
733,2156,2158
734,2158,2167
735,2164,2171
736,2156,2158
737,2154,2159
738,2162,2170
739,2155,2165
740,2150,2163
741,2153,2166
742,2159,2173
743,2150,2170
744,2149,2153
745,2159,2161
746,2158,2161
747,2157,2157
748,2152,2155
749,2162,2157
750,2166,2162
751,2156,2165
752,2153,2160
753,2148,2158
754,2151,2163
755,2154,2158
756,2153,2158
757,2149,2157
758,2152,2151
759,2159,2151
760,2163,2154
761,2163,2157
762,2156,2157
763,2161,2161
764,2162,2158
765,2157,2159
766,2169,2153
767,2165,2150
768,2157,2151
769,2160,2153
770,2162,2148
771,2162,2147
772,2156,2150
773,2163,2152
774,2153,2150
775,2153,2150
776,2153,2153
777,2150,2151
778,2153,2150
779,2156,2149
780,2158,2157
781,2151,2152
782,2152,2154
783,2154,2156
784,2155,2147
785,2156,2155
786,2154,2165
787,2158,2156
788,2163,2148
789,2155,2150
790,2157,2152
791,2152,2151
792,2157,2154
793,2159,2153
794,2154,2161
795,2152,2159
796,2155,2153
797,2156,2157
798,2163,2157
799,2157,2155
800,2152,2154
801,2155,2153
802,2164,2154
803,2160,2146
804,2152,2145
805,2154,2153
806,2157,2161
807,2159,2154
808,2155,2144
809,2152,2149
810,2155,2149
811,2157,2148
812,2147,2154
813,2146,2160
814,2148,2144
815,2153,2147
816,2151,2148
817,2148,2145
818,2152,2150
819,2152,2155
820,2148,2154
821,2149,2155
822,2146,2160
823,2154,2155
824,2156,2151
825,2150,2158
826,2152,2151
827,2146,2147
828,2152,2154
829,2150,2154
830,2150,2159
831,2151,2158
832,2156,2153
833,2157,2150
834,2155,2154
835,2159,2152
836,2154,2155
837,2149,2163
838,2153,2165
839,2160,2161
840,2154,2156
841,2153,2157
842,2158,2154
843,2163,2151
844,2165,2156
845,2159,2154
846,2170,2154
847,2166,2160
848,2163,2163
849,2176,2165
850,2186,2164
851,2179,2157
852,2176,2158
853,2166,2169
854,2165,2162
855,2167,2157
856,2166,2155
857,2168,2151
858,2167,2156
859,2165,2158
860,2177,2156
861,2182,2147
862,2174,2151
863,2178,2152
864,2184,2152
865,2180,2152
866,2181,2156
867,2192,2161
868,2192,2160
869,2191,2162
870,2195,2168
871,2200,2167
872,2205,2159
873,2207,2159
874,2219,2163
875,2223,2164
876,2223,2163
877,2222,2159
878,2240,2168
879,2247,2175
880,2258,2170
881,2281,2163
882,2297,2162
883,2304,2154
884,2318,2162
885,2330,2160
886,2353,2169
887,2373,2160
888,2390,2175
889,2403,2172
890,2415,2180
891,2416,2177
892,2439,2182
893,2459,2184
894,2492,2191
895,2530,2202
896,2566,2195
897,2611,2202
898,2659,2191
899,2722,2183
900,2778,2174
901,2852,2170
902,2932,2180
903,3025,2188
904,3130,2194
905,3248,2185
906,3382,2181
907,3559,2182
908,3780,2184
909,4063,2187
910,4095,2197
911,4095,2202
912,4095,2196
913,4095,2194
914,4095,2195
915,4095,2197
916,4095,2204
917,4095,2204
918,4095,2209
919,88,2212
920,0,2223
921,0,2227
922,0,2215
923,0,2217
924,706,2237
925,2334,2275
926,2326,2337
927,1530,2421
928,735,2495
929,429,2493
930,583,2391
931,839,2202
932,941,2026
933,760,1931
934,445,1935
935,226,2001
936,214,2091
937,451,2156
938,808,2178
939,1162,2171
940,1449,2147
941,1679,2132
942,1821,2113
943,1871,2080
944,1849,2051
945,1745,2026
946,1597,2019
947,1427,2023
948,1272,2041
949,1250,2056
950,1425,2081
951,1720,2131
952,1996,2199
953,2145,2282
954,2189,2359
955,2192,2375
956,2197,2257
957,2185,2030
958,2139,1789
959,2058,1625
960,1934,1614
961,1805,1727
962,1698,1909
963,1662,2081
964,1712,2202
965,1838,2257
966,1983,2254
967,2123,2222
968,2226,2178
969,2267,2121
970,2264,2075
971,2219,2046
972,2155,2036
973,2090,2034
974,2008,2041
975,1949,2046
976,1893,2069
977,1834,2100
978,1790,2148
979,1747,2178
980,1721,2208
981,1696,2205
982,1658,2182
983,1629,2160
984,1609,2137
985,1661,2135
986,1782,2133
987,1934,2139
988,2071,2142
989,2173,2145
990,2219,2156
991,2219,2163
992,2216,2179
993,2250,2198
994,2291,2202
995,2350,2200
996,2385,2193
997,2361,2184
998,2263,2167
999,2125,2153
1000,1970,2148
1001,1881,2140
1002,1872,2146
1003,1935,2152
1004,2020,2159
1005,2093,2155
1006,2154,2157
1007,2208,2156
1008,2249,2134
1009,2264,2135
1010,2260,2146
1011,2222,2167
1012,2181,2191
1013,2124,2209
1014,2075,2230
1015,2023,2227
1016,1975,2216
1017,1953,2215
1018,1980,2213
1019,2074,2220
1020,2182,2231
1021,2301,2232
1022,2382,2223
1023,2387,2210
1024,2327,2206
1025,2235,2191
1026,2140,2179
1027,2044,2178
1028,1985,2187
1029,1973,2202
1030,2001,2213
1031,2059,2205
1032,2114,2202
1033,2149,2191
1034,2164,2199
1035,2179,2224
1036,2185,2247
1037,2172,2267
1038,2165,2263
1039,2145,2233
1040,2122,2186
1041,2089,2145
1042,2051,2123
1043,2045,2106
1044,2058,2087
1045,2087,2085
1046,2133,2098
1047,2183,2128
1048,2221,2156
1049,2246,2167
1050,2253,2176
1051,2251,2181
1052,2240,2173
1053,2215,2163
1054,2178,2162
1055,2137,2160
1056,2109,2154
1057,2090,2153
1058,2096,2136
1059,2125,2121
1060,2156,2109
1061,2180,2117
1062,2193,2132
1063,2187,2142
1064,2180,2146
1065,2171,2152
1066,2176,2146
1067,2185,2147
1068,2180,2138
1069,2166,2133
1070,2136,2128
1071,2108,2121
1072,2111,2129
1073,2123,2134
1074,2149,2130
1075,2173,2123
1076,2200,2109
1077,2175,2127
1078,2136,2144
1079,2089,2157
1080,2060,2160
1081,2035,2152
1082,2031,2144
1083,2033,2132
1084,2026,2113
1085,2029,2095
1086,2026,2098
1087,2029,2108
1088,2039,2125
1089,2055,2154
1090,2071,2164
1091,2084,2174
1092,2103,2179
1093,2113,2169
1094,2105,2167
1095,2094,2168
1096,2075,2165
1097,2069,2142
1098,2090,2125
1099,2126,2105
1100,2174,2084
1101,2215,2075
1102,2247,2073
1103,2240,2076
1104,2209,2081
1105,2192,2089
1106,2178,2098
1107,2180,2098
1108,2193,2100
1109,2193,2098
1110,2187,2092
1111,2174,2094
1112,2146,2099
1113,2138,2090
1114,2128,2080
1115,2117,2085
1116,2127,2096
1117,2144,2112
1118,2151,2116
1119,2156,2118
1120,2162,2122
1121,2166,2123
1122,2163,2112
1123,2169,2102
1124,2158,2112
1125,2147,2126
1126,2132,2129
1127,2121,2134
1128,2118,2127
1129,2113,2114
1130,2121,2098
1131,2134,2098
1132,2136,2102
1133,2141,2110
1134,2141,2117
1135,2128,2127
1136,2108,2126
1137,2100,2124
1138,2084,2119
1139,2070,2112
1140,2065,2111
1141,2051,2109
1142,2038,2110
1143,2031,2120
1144,2035,2131
1145,2043,2138
1146,2048,2134
1147,2040,2135
1148,2044,2129
1149,2038,2120
1150,2045,2113
1151,2050,2112
1152,2043,2118
1153,2051,2140
1154,2056,2145
1155,2055,2144
1156,2074,2143
1157,2096,2138
1158,2110,2136
1159,2120,2136
1160,2131,2125
1161,2137,2125
1162,2142,2125
1163,2148,2111
1164,2152,2108
1165,2162,2115
1166,2175,2118
1167,2175,2124
1168,2185,2129
1169,2190,2136
1170,2198,2134
1171,2203,2127
1172,2202,2130
1173,2209,2130
1174,2210,2130
1175,2214,2131
1176,2222,2139
1177,2229,2136
1178,2222,2122
1179,2224,2118
1180,2227,2124
1181,2228,2115
1182,2221,2113
1183,2224,2115
1184,2222,2118
1185,2230,2135
1186,2236,2139
1187,2234,2136
1188,2231,2140
1189,2227,2134
1190,2221,2140
1191,2209,2144
1192,2200,2145
1193,2200,2149
1194,2194,2144
1195,2197,2144
1196,2204,2145
1197,2211,2151
1198,2199,2147
1199,2199,2138
1200,2209,2133
1201,2214,2135
1202,2207,2137
1203,2201,2132
1204,2192,2128
1205,2194,2130
1206,2196,2139
1207,2188,2128
1208,2193,2137
1209,2205,2142
1210,2204,2137
1211,2198,2150
1212,2204,2144
1213,2215,2150
1214,2214,2138
1215,2209,2142
1216,2206,2134
1217,2198,2134
1218,2199,2145
1219,2191,2140
1220,2196,2139
1221,2186,2127
1222,2197,2124
1223,2198,2128
1224,2200,2132
1225,2187,2133
1226,2199,2129
1227,2186,2127
1228,2175,2132
1229,2157,2129
1230,2131,2130
1231,2111,2129
1232,2107,2128
1233,2124,2139
1234,2133,2146
1235,2142,2148
1236,2142,2150
1237,2133,2145
1238,2124,2134
1239,2107,2139
1240,2097,2150
1241,2098,2146
1242,2102,2147
1243,2095,2146
1244,2125,2145
1245,2157,2147
1246,2186,2145
1247,2184,2145
1248,2176,2146
1249,2147,2149
1250,2117,2152
1251,2093,2152
1252,2087,2151
1253,2092,2149
1254,2104,2141
1255,2122,2136
1256,2140,2140
1257,2146,2141
1258,2145,2133
1259,2133,2137
1260,2122,2136
1261,2129,2138
1262,2133,2140
1263,2142,2143
1264,2138,2150
1265,2144,2146
1266,2135,2145
1267,2135,2148
1268,2144,2147
1269,2144,2136
1270,2140,2131
1271,2147,2137
1272,2141,2140
1273,2122,2145
1274,2106,2142
1275,2108,2149
1276,2104,2143
1277,2096,2137
1278,2106,2140
1279,2112,2141
1280,2122,2137
1281,2136,2138
1282,2138,2146
1283,2144,2141
1284,2143,2141
1285,2141,2143
1286,2143,2144
1287,2142,2149
1288,2144,2146
1289,2151,2152
1290,2147,2128
1291,2144,2132
1292,2143,2134
1293,2140,2136
1294,2144,2150
1295,2139,2146
1296,2131,2161
1297,2126,2161
1298,2121,2157
1299,2128,2143
1300,2135,2141
1301,2135,2148
1302,2132,2146
1303,2122,2148
1304,2114,2158
1305,2118,2159
1306,2127,2153
1307,2127,2147
1308,2131,2147
1309,2127,2147
1310,2121,2140
1311,2116,2147
1312,2115,2156
1313,2121,2159
1314,2120,2167
1315,2110,2166
1316,2102,2163
1317,2102,2168
1318,2091,2168
1319,2083,2158
1320,2083,2155
1321,2082,2152
1322,2101,2152
1323,2121,2158
1324,2135,2160
1325,2168,2153
1326,2183,2161
1327,2202,2163
1328,2193,2158
1329,2197,2153
1330,2186,2156
1331,2189,2150
1332,2198,2151
1333,2201,2156
1334,2201,2156
1335,2205,2158
1336,2214,2156
1337,2201,2156
1338,2190,2167
1339,2180,2164
1340,2183,2156
1341,2182,2155
1342,2182,2143
1343,2182,2140
1344,2170,2147
1345,2176,2146
1346,2185,2144
1347,2191,2146
1348,2200,2153
1349,2208,2156
1350,2214,2147
1351,2215,2142
1352,2207,2150
1353,2198,2151
1354,2179,2150
1355,2164,2156
1356,2165,2155
1357,2161,2161
1358,2167,2161
1359,2183,2158
1360,2189,2166
1361,2185,2164
1362,2175,2163
1363,2158,2161
1364,2149,2156
1365,2141,2156
1366,2127,2161
1367,2118,2161
1368,2108,2152
1369,2104,2158
1370,2093,2163
1371,2088,2157
1372,2086,2156
1373,2099,2157
1374,2119,2169
1375,2152,2163
1376,2183,2157
1377,2218,2155
1378,2237,2155
1379,2242,2163
1380,2214,2163
1381,2179,2162
1382,2149,2165
1383,2132,2164
1384,2125,2156
1385,2130,2150
1386,2168,2150
1387,2204,2152
1388,2234,2152
1389,2270,2157
1390,2285,2164
1391,2271,2162
1392,2257,2152
1393,2250,2153
1394,2244,2155
1395,2247,2156
1396,2252,2162
1397,2248,2166
1398,2211,2170
1399,2157,2160
1400,2091,2162
1401,2024,2165
1402,1975,2167
1403,1953,2163
1404,1975,2161
1405,2039,2163
1406,2108,2162
1407,2154,2162
1408,2184,2167
1409,2184,2163
1410,2134,2169
1411,2108,2170
1412,2116,2164
1413,2146,2155
1414,2202,2158
1415,2265,2158
1416,2321,2156
1417,2353,2157
1418,2384,2153
1419,2378,2156
1420,2333,2157
1421,2291,2158
1422,2233,2161
1423,2189,2161
1424,2171,2157
1425,2176,2147
1426,2186,2154
1427,2192,2154
1428,2200,2149
1429,2200,2156
1430,2207,2155
1431,2220,2155
1432,2215,2159
1433,2198,2151
1434,2197,2152
1435,2204,2160
1436,2223,2160
1437,2263,2158
1438,2308,2154
1439,2297,2161
1440,2253,2163
1441,2184,2159
1442,2090,2159
1443,2010,2156
1444,1979,2159
1445,2011,2164
1446,2079,2164
1447,2184,2153
1448,2279,2157
1449,2335,2155
1450,2319,2158
1451,2268,2164
1452,2181,2164
1453,2096,2164
1454,2035,2163
1455,1984,2162
1456,1942,2158
1457,1901,2163
1458,1866,2161
1459,1881,2167
1460,1942,2161
1461,2050,2165
1462,2195,2167
1463,2354,2165
1464,2512,2160
1465,2608,2167
1466,2606,2168
1467,2494,2170
1468,2283,2166
1469,2046,2169
1470,1840,2165
1471,1740,2161
1472,1769,2162
1473,1890,2168
1474,2061,2170
1475,2220,2168
1476,2323,2170
1477,2362,2171
1478,2374,2170
1479,2361,2172
1480,2321,2176
1481,2288,2181
1482,2252,2180
1483,2204,2182
1484,2147,2173
1485,2091,2163
1486,2048,2165
1487,2035,2163
1488,2063,2162
1489,2099,2161
1490,2139,2168
1491,2180,2168
1492,2199,2169
1493,2211,2170
1494,2203,2169
1495,2191,2173
1496,2177,2176
1497,2156,2177
1498,2134,2176
1499,2118,2178
1500,2116,2180
1501,2142,2179
1502,2181,2168
1503,2218,2167
1504,2237,2163
1505,2234,2166
1506,2218,2159
1507,2180,2163
1508,2148,2167
1509,2137,2163
1510,2124,2153
1511,2127,2170
1512,2129,2174
1513,2131,2168
1514,2144,2171
1515,2144,2167
1516,2134,2162
1517,2110,2166
1518,2098,2167
1519,2083,2172
1520,2072,2168
1521,2084,2163
1522,2102,2171
1523,2113,2181
1524,2111,2178
1525,2136,2172
1526,2122,2172
1527,2130,2176
1528,2128,2170
1529,2152,2170
1530,2163,2168
1531,2181,2166
1532,2179,2165
1533,2172,2168
1534,2161,2168
1535,2137,2169
1536,2127,2165
1537,2121,2163
1538,2123,2163
1539,2145,2173
1540,2169,2171
1541,2169,2164
1542,2166,2172
1543,2151,2175
1544,2125,2163
1545,2112,2160
1546,2102,2162
1547,2109,2158
1548,2125,2161
1549,2139,2163
1550,2142,2166
1551,2144,2162
1552,2149,2161
1553,2155,2164
1554,2162,2162
1555,2147,2152
1556,2146,2159
1557,2138,2162
1558,2141,2165
1559,2140,2164
1560,2149,2169
1561,2160,2169
1562,2168,2156
1563,2177,2157
1564,2178,2164
1565,2183,2163
1566,2165,2163
1567,2144,2167
1568,2121,2162
1569,2112,2156
1570,2115,2156
1571,2115,2158
1572,2115,2157
1573,2122,2158
1574,2126,2161
1575,2139,2162
1576,2148,2173
1577,2149,2170
1578,2152,2168
1579,2146,2166
1580,2155,2164
1581,2148,2168
1582,2141,2169
1583,2138,2169
1584,2124,2170
1585,2130,2168
1586,2133,2167
1587,2145,2165
1588,2157,2154
1589,2152,2167
1590,2150,2166
1591,2155,2167
1592,2159,2164
1593,2174,2165
1594,2194,2162
1595,2205,2161
1596,2215,2167
1597,2201,2165
1598,2173,2162
1599,2154,2169
1600,2141,2170
1601,2122,2168
1602,2116,2165
1603,2115,2172
1604,2112,2171
1605,2110,2171
1606,2108,2172
1607,2109,2169
1608,2113,2172
1609,2115,2170
1610,2119,2163
1611,2130,2172
1612,2137,2170
1613,2138,2181
1614,2155,2177
1615,2169,2168
1616,2186,2165
1617,2205,2166
1618,2203,2171
1619,2205,2168
1620,2197,2164
1621,2168,2163
1622,2139,2165
1623,2108,2165
1624,2096,2162
1625,2096,2163
1626,2110,2165
1627,2132,2164
1628,2150,2160
1629,2136,2165
1630,2134,2165
1631,2134,2160
1632,2121,2158
1633,2121,2165
1634,2124,2170
1635,2137,2161
1636,2145,2159
1637,2157,2163
1638,2155,2171
1639,2150,2176
1640,2140,2172
1641,2123,2163
1642,2117,2159
1643,2112,2167
1644,2113,2173
1645,2130,2173
1646,2142,2167
1647,2150,2158
1648,2144,2158
1649,2141,2169
1650,2133,2161
1651,2121,2158
1652,2119,2161
1653,2123,2159
1654,2150,2160
1655,2175,2166
1656,2192,2163
1657,2193,2160
1658,2169,2160
1659,2147,2163
1660,2130,2159
1661,2120,2163
1662,2108,2158
1663,2101,2161
1664,2113,2163
1665,2122,2160
1666,2126,2163
1667,2136,2167
1668,2141,2158
1669,2150,2160
1670,2151,2162
1671,2155,2157
1672,2155,2153
1673,2152,2160
1674,2137,2159
1675,2136,2156
1676,2131,2161
1677,2112,2163
1678,2114,2160
1679,2117,2159
1680,2115,2161
1681,2118,2160
1682,2135,2154
1683,2139,2163
1684,2143,2163
1685,2139,2158
1686,2152,2166
1687,2142,2163
1688,2152,2167
1689,2160,2157
1690,2155,2160
1691,2159,2151
1692,2162,2158
1693,2154,2163
1694,2146,2165
1695,2148,2161
1696,2150,2157
1697,2149,2160
1698,2142,2158
1699,2140,2165
1700,2145,2151
1701,2159,2154
1702,2169,2165
1703,2170,2162
1704,2169,2159
1705,2161,2156
1706,2159,2159
1707,2159,2151
1708,2153,2163
1709,2152,2165
1710,2155,2159
1711,2162,2162
1712,2165,2161
1713,2161,2161
1714,2159,2156
1715,2153,2160
1716,2152,2163
1717,2152,2161
1718,2145,2160
1719,2145,2162
1720,2142,2166
1721,2137,2168
1722,2134,2173
1723,2127,2170
1724,2130,2170
1725,2137,2169
1726,2159,2157
1727,2182,2169
1728,2188,2173
1729,2197,2164
1730,2185,2166
1731,2174,2166
1732,2160,2171
1733,2148,2165
1734,2138,2162
1735,2147,2160
1736,2162,2160
1737,2160,2157
1738,2161,2159
1739,2160,2159
1740,2160,2158
1741,2149,2155
1742,2140,2162
1743,2146,2167
1744,2152,2170
1745,2167,2163
1746,2183,2157
1747,2174,2160
1748,2157,2161
1749,2151,2160
1750,2153,2158
1751,2143,2157
1752,2138,2157
1753,2147,2156
1754,2161,2162
1755,2161,2163
1756,2170,2159
1757,2187,2158
1758,2190,2157
1759,2184,2155
1760,2174,2157
1761,2167,2164
1762,2157,2159
1763,2154,2165
1764,2161,2170
1765,2162,2166
1766,2164,2167
1767,2170,2166
1768,2168,2165
1769,2170,2160
1770,2164,2158
1771,2167,2160
1772,2170,2161
1773,2171,2162
1774,2174,2163
1775,2182,2163
1776,2192,2162
1777,2191,2158
1778,2191,2164
1779,2183,2161
1780,2178,2162
1781,2174,2163
1782,2171,2166
1783,2164,2166
1784,2151,2160
1785,2139,2158
1786,2131,2163
1787,2131,2160
1788,2132,2168
1789,2142,2189
1790,2152,2208
1791,2164,2222
1792,2178,2239
1793,2181,2236
1794,2178,2225
1795,2179,2198
1796,2170,2173
1797,2152,2152
1798,2152,2134
1799,2148,2125
1800,2142,2130
1801,2138,2127
1802,2138,2139
1803,2135,2157
1804,2156,2160
1805,2166,2156
1806,2176,2151
1807,2160,2158
1808,2167,2161
1809,2161,2155
1810,2159,2152
1811,2157,2149
1812,2157,2147
1813,2167,2148
1814,2159,2149
1815,2165,2145
1816,2155,2139
1817,2154,2137
1818,2159,2144
1819,2172,2148
1820,2187,2149
1821,2183,2149
1822,2186,2151
1823,2171,2147
1824,2165,2146
1825,2154,2155
1826,2138,2142
1827,2116,2137
1828,2125,2152
1829,2121,2149
1830,2135,2139
1831,2146,2143
1832,2168,2138
1833,2171,2138
1834,2188,2145
1835,2198,2143
1836,2207,2140
1837,2196,2132
1838,2190,2133
1839,2188,2131
1840,2172,2122
1841,2161,2108
1842,2160,2103
1843,2144,2112
1844,2135,2129
1845,2131,2138
1846,2126,2145
1847,2121,2161
1848,2124,2171
1849,2135,2173
1850,2146,2165
1851,2158,2160
1852,2169,2152
1853,2171,2140
1854,2176,2135
1855,2161,2128
1856,2154,2129
1857,2149,2133
1858,2138,2144
1859,2139,2159
1860,2143,2166
1861,2147,2180
1862,2146,2182
1863,2144,2172
1864,2154,2156
1865,2162,2150
1866,2182,2151
1867,2195,2149
1868,2198,2151
1869,2190,2160
1870,2183,2168
1871,2177,2164
1872,2163,2161
1873,2156,2160
1874,2153,2164
1875,2146,2157
1876,2150,2163
1877,2149,2163
1878,2152,2160
1879,2158,2170
1880,2154,2172
1881,2155,2160
1882,2152,2160
1883,2156,2166
1884,2157,2161
1885,2155,2153
1886,2144,2154
1887,2142,2139
1888,2137,2146
1889,2134,2145
1890,2143,2144
1891,2146,2137
1892,2147,2142
1893,2153,2142
1894,2159,2148
1895,2164,2144
1896,2172,2151
1897,2172,2155
1898,2169,2154
1899,2164,2151
1900,2160,2152
1901,2157,2157
1902,2150,2152
1903,2152,2157
1904,2148,2165
1905,2155,2166
1906,2171,2172
1907,2186,2175
1908,2195,2173
1909,2199,2163
1910,2179,2152
1911,2167,2145
1912,2156,2133
1913,2138,2130
1914,2132,2123
1915,2129,2123
1916,2130,2116
1917,2142,2112
1918,2158,2120
1919,2164,2140
1920,2164,2167
1921,2163,2186
1922,2170,2205
1923,2175,2216
1924,2172,2202
1925,2173,2180
1926,2167,2154
1927,2172,2143
1928,2167,2132
1929,2159,2121
1930,2156,2125
1931,2159,2137
1932,2164,2145
1933,2172,2140
1934,2170,2140
1935,2172,2144
1936,2173,2151
1937,2169,2150
1938,2165,2148
1939,2162,2149
1940,2165,2150
1941,2169,2153
1942,2165,2156
1943,2164,2154
1944,2161,2153
1945,2161,2144
1946,2161,2140
1947,2155,2144
1948,2160,2148
1949,2158,2148
1950,2153,2154
1951,2152,2145
1952,2169,2140
1953,2169,2143
1954,2161,2150
1955,2167,2152
1956,2170,2152
1957,2151,2156
1958,2147,2151
1959,2143,2146
1960,2139,2150
1961,2144,2148
1962,2156,2150
1963,2168,2148
1964,2170,2147
1965,2177,2152
1966,2174,2154
1967,2160,2152
1968,2156,2155
1969,2145,2156
1970,2146,2157
1971,2143,2151
1972,2138,2157
1973,2146,2154
1974,2152,2144
1975,2156,2144
1976,2159,2145
1977,2166,2143
1978,2174,2143
1979,2173,2142
1980,2170,2152
1981,2177,2152
1982,2174,2148
1983,2170,2144
1984,2153,2150
1985,2139,2149
1986,2134,2148
1987,2136,2141
1988,2148,2137
1989,2157,2136
1990,2168,2140
1991,2175,2154
1992,2179,2165
1993,2175,2158
1994,2170,2153
1995,2164,2147
1996,2171,2137
1997,2155,2118
1998,2150,2102
1999,2140,2097
2000,2149,2112
2001,2152,2129
2002,2161,2147
2003,2158,2176
2004,2155,2185
2005,2157,2181
2006,2151,2182
2007,2147,2172
2008,2143,2167
2009,2152,2156
2010,2157,2144
2011,2164,2139
2012,2171,2138
2013,2184,2134
2014,2191,2137
2015,2179,2135
2016,2171,2144
2017,2156,2138
2018,2153,2135
2019,2152,2137
2020,2138,2142
2021,2143,2148
2022,2152,2140
2023,2153,2140
2024,2162,2143
2025,2170,2143
2026,2168,2148
2027,2161,2147
2028,2153,2133
2029,2139,2136
