,ITA,SSIM
13,64.518,0.999975840250651
14,64.518,0.9999762376149496
15,64.518,0.9999769528706869
16,64.518,0.9999762376149496
17,64.518,0.9999768733978271
18,64.518,0.9999801317850748
19,64.518,0.9999790986378988
20,64.518,0.9999776681264242
21,64.518,0.9999736150105795
22,64.518,0.9999756813049316
23,64.518,0.9999775886535645
24,64.518,0.9999691645304362
25,64.518,0.9999715487162272
65,47.056,0.9999841054280599
66,47.056,0.999982992808024
67,47.056,0.9999824364980062
68,47.056,0.9999804496765137
69,47.056,0.9999808470408121
70,47.056,0.9999790191650391
71,47.056,0.9999767144521078
72,47.056,0.999978224436442
73,47.056,0.9999756813049316
74,47.056,0.9999755223592123
75,47.056,0.9999764760335287
76,47.056,0.9999764760335287
77,47.056,0.9999790191650391
117,34.736000000000004,0.9999839464823405
118,34.736000000000004,0.9999830722808838
119,34.736000000000004,0.9999829133351644
120,34.736000000000004,0.9999842643737793
121,34.736000000000004,0.9999833901723226
122,34.736000000000004,0.9999821980794271
123,34.736000000000004,0.9999778270721436
124,34.736000000000004,0.999980608622233
125,34.736000000000004,0.9999774297078451
126,34.736000000000004,0.999976634979248
127,34.736000000000004,0.9999779065450033
128,34.736000000000004,0.9999756018320719
129,34.736000000000004,0.9999673366546631
169,33.892,0.9999818007151285
170,33.892,0.9999798933664957
171,33.892,0.999976634979248
172,33.892,0.9999823570251465
173,33.892,0.9999812444051107
174,33.892,0.9999703566233317
175,33.892,0.9999663035074869
176,33.892,0.9999727408091227
177,33.892,0.9999664624532064
178,33.892,0.9999656677246094
179,33.892,0.9999666213989258
180,33.892,0.9999608198801676
181,33.892,0.9999643166859945
221,48.432,0.999982754389445
222,48.432,0.9999821980794271
223,48.432,0.9999821980794271
224,48.432,0.9999816417694092
225,48.432,0.9999796549479166
226,48.432,0.9999779065450033
227,48.432,0.9999759991963705
228,48.432,0.9999774297078451
229,48.432,0.9999731381734213
230,48.432,0.9999740918477377
231,48.432,0.9999748865763346
232,48.432,0.9999733765920004
233,48.432,0.9999709129333496
273,25.806,0.9999779065450033
274,25.806,0.9999759991963705
275,25.806,0.9999759991963705
276,25.806,0.999975840250651
277,25.806,0.9999752044677734
278,25.806,0.9999722639719645
279,25.806,0.9999723434448242
280,25.806,0.99997345606486
281,25.806,0.9999695618947347
282,25.806,0.9999705155690511
283,25.806,0.9999705950419108
284,25.806,0.9999744097391764
285,25.806,0.9999677340189616
325,33.218,0.9999765555063883
326,33.218,0.9999788602193197
327,33.218,0.9999779065450033
328,33.218,0.9999791781107584
329,33.218,0.9999779860178629
330,33.218,0.9999743302663168
331,33.218,0.9999690850575765
332,33.218,0.9999701976776123
333,33.218,0.999971071879069
334,33.218,0.9999728997548422
335,33.218,0.9999728202819824
336,33.218,0.9999727408091227
337,33.218,0.9999678134918213
377,-12.792,0.9999806880950928
378,-12.792,0.9999818801879883
379,-12.792,0.9999831517537435
380,-12.792,0.9999833106994629
381,-12.792,0.9999848206837972
382,-12.792,0.9999844233194987
383,-12.792,0.9999841849009196
384,-12.792,0.999982992808024
385,-12.792,0.9999817212422689
386,-12.792,0.9999818801879883
387,-12.792,0.9999779860178629
388,-12.792,0.9999762376149496
389,-12.792,0.9999750455220541
429,0.3639999999999999,0.9999759197235107
430,0.3639999999999999,0.9999780654907227
431,0.3639999999999999,0.9999798536300659
432,0.3639999999999999,0.9999798536300659
433,0.3639999999999999,0.9999797344207764
434,0.3639999999999999,0.9999774694442749
435,0.3639999999999999,0.9999761581420898
436,0.3639999999999999,0.9999759197235107
437,0.3639999999999999,0.9999709129333496
438,0.3639999999999999,0.9999712109565735
439,0.3639999999999999,0.9999755620956421
440,0.3639999999999999,0.999971330165863
441,0.3639999999999999,0.9999566078186035
481,52.705999999999996,0.9999796549479166
482,52.705999999999996,0.999980608622233
483,52.705999999999996,0.999979575475057
484,52.705999999999996,0.9999791781107584
485,52.705999999999996,0.9999785423278809
486,52.705999999999996,0.9999779065450033
487,52.705999999999996,0.9999768733978271
488,52.705999999999996,0.9999777475992838
489,52.705999999999996,0.9999762376149496
490,52.705999999999996,0.9999788602193197
491,52.705999999999996,0.9999783039093018
492,52.705999999999996,0.9999783833821615
493,52.705999999999996,0.9999722639719645
533,32.446,0.999982992808024
534,32.446,0.9999831517537435
535,32.446,0.9999828338623047
536,32.446,0.9999841054280599
537,32.446,0.9999832312266032
538,32.446,0.9999839464823405
539,32.446,0.9999842643737793
540,32.446,0.9999818007151285
541,32.446,0.9999802112579346
542,32.446,0.9999814828236898
543,32.446,0.9999818007151285
544,32.446,0.9999798138936361
545,32.446,0.9999746481577555
585,64.144,0.9999799728393555
586,64.144,0.9999815622965494
587,64.144,0.9999807675679525
588,64.144,0.9999805291493734
589,64.144,0.9999802907307943
590,64.144,0.9999780654907227
591,64.144,0.999974807103475
592,64.144,0.9999761581420898
593,64.144,0.9999716281890869
594,64.144,0.9999731381734213
595,64.144,0.999975840250651
596,64.144,0.9999744097391764
597,64.144,0.9999640782674154
650,1.5059999999999998,0.9999810457229614
651,1.5059999999999998,0.999981164932251
652,1.5059999999999998,0.9999806880950928
653,1.5059999999999998,0.9999802112579346
654,1.5059999999999998,0.9999821782112122
655,1.5059999999999998,0.9999791383743286
656,1.5059999999999998,0.9999764561653137
657,1.5059999999999998,0.9999772906303406
658,1.5059999999999998,0.9999740123748779
659,1.5059999999999998,0.9999744296073914
660,1.5059999999999998,0.9999759197235107
661,1.5059999999999998,0.9999731779098511
662,1.5059999999999998,0.9999722838401794
702,16.216,0.9999779860178629
703,16.216,0.999978224436442
704,16.216,0.9999779860178629
705,16.216,0.9999761581420898
706,16.216,0.9999747276306152
707,16.216,0.9999784628550211
708,16.216,0.9999780654907227
709,16.216,0.9999759991963705
710,16.216,0.9999740918477377
711,16.216,0.9999745686848959
712,16.216,0.9999715487162272
713,16.216,0.9999709924062093
714,16.216,0.9999676545461019
754,47.834,0.9999844233194987
755,47.834,0.9999836285909017
756,47.834,0.9999826749165853
757,47.834,0.9999812444051107
758,47.834,0.9999814033508301
759,47.834,0.9999846617380778
760,47.834,0.9999845027923584
761,47.834,0.9999831517537435
762,47.834,0.9999813238779703
763,47.834,0.9999798138936361
764,47.834,0.999980608622233
765,47.834,0.9999802112579346
766,47.834,0.9999794165293375
806,29.913999999999998,0.9999845027923584
807,29.913999999999998,0.9999840259552002
808,29.913999999999998,0.9999844233194987
809,29.913999999999998,0.9999847412109375
810,29.913999999999998,0.9999842643737793
811,29.913999999999998,0.9999836285909017
812,29.913999999999998,0.9999821186065674
813,29.913999999999998,0.9999817212422689
814,29.913999999999998,0.9999790191650391
815,29.913999999999998,0.9999799728393555
816,29.913999999999998,0.9999791781107584
817,29.913999999999998,0.9999806880950928
818,29.913999999999998,0.9999771118164062
858,25.036,0.9999833106994629
859,25.036,0.9999826749165853
860,25.036,0.999981959660848
861,25.036,0.999981164932251
862,25.036,0.999978224436442
863,25.036,0.9999774297078451
864,25.036,0.9999756813049316
865,25.036,0.9999762376149496
866,25.036,0.9999745686848959
867,25.036,0.9999746481577555
868,25.036,0.9999755223592123
869,25.036,0.9999768733978271
870,25.036,0.9999756813049316
910,-9.440000000000001,0.999983549118042
911,-9.440000000000001,0.9999834299087524
912,-9.440000000000001,0.9999837875366211
913,-9.440000000000001,0.9999825954437256
914,-9.440000000000001,0.9999817609786987
915,-9.440000000000001,0.9999816417694092
916,-9.440000000000001,0.9999819993972778
917,-9.440000000000001,0.9999817609786987
918,-9.440000000000001,0.9999783039093018
919,-9.440000000000001,0.9999815225601196
920,-9.440000000000001,0.9999804496765137
921,-9.440000000000001,0.9999793767929077
922,-9.440000000000001,0.9999797344207764
962,55.972,0.9999845822652181
963,55.972,0.9999844233194987
964,55.972,0.9999839464823405
965,55.972,0.9999830722808838
966,55.972,0.9999831517537435
967,55.972,0.9999857743581136
968,55.972,0.999986489613851
969,55.972,0.9999852975209554
970,55.972,0.9999844233194987
971,55.972,0.9999852975209554
972,55.972,0.9999840259552002
973,55.972,0.9999844233194987
974,55.972,0.9999825954437256
1014,48.471999999999994,0.9999868869781494
1015,48.471999999999994,0.9999865690867106
1016,48.471999999999994,0.9999860922495524
1017,48.471999999999994,0.999985138575236
1018,48.471999999999994,0.9999854564666748
1019,48.471999999999994,0.9999873638153076
1020,48.471999999999994,0.9999876022338867
1021,48.471999999999994,0.9999871253967285
1022,48.471999999999994,0.9999860922495524
1023,48.471999999999994,0.9999845822652181
1024,48.471999999999994,0.9999858538309733
1025,48.471999999999994,0.9999834696451823
1026,48.471999999999994,0.9999871253967285
1066,-13.534,0.9999839464823405
1067,-13.534,0.9999839464823405
1068,-13.534,0.9999841849009196
1069,-13.534,0.9999834696451823
1070,-13.534,0.999985138575236
1071,-13.534,0.9999849796295166
1072,-13.534,0.9999845027923584
1073,-13.534,0.9999814033508301
1074,-13.534,0.999978224436442
1075,-13.534,0.9999800523122152
1076,-13.534,0.9999768733978271
1077,-13.534,0.999977191289266
1078,-13.534,0.9999762376149496
1118,56.336,0.9999828338623047
1119,56.336,0.9999836285909017
1120,56.336,0.9999818801879883
1121,56.336,0.9999818801879883
1122,56.336,0.9999817212422689
1123,56.336,0.9999794165293375
1124,56.336,0.9999779065450033
1125,56.336,0.9999773502349854
1126,56.336,0.9999749660491943
1127,56.336,0.9999752839406332
1128,56.336,0.9999753634134928
1129,56.336,0.9999730587005615
1130,56.336,0.9999634424845377
1170,52.589999999999996,0.9999857743581136
1171,52.589999999999996,0.9999849796295166
1172,52.589999999999996,0.9999852975209554
1173,52.589999999999996,0.9999837875366211
1174,52.589999999999996,0.999983549118042
1175,52.589999999999996,0.9999860127766927
1176,52.589999999999996,0.9999864101409912
1177,52.589999999999996,0.9999848206837972
1178,52.589999999999996,0.9999833901723226
1179,52.589999999999996,0.9999845027923584
1180,52.589999999999996,0.9999844233194987
1181,52.589999999999996,0.9999830722808838
1182,52.589999999999996,0.9999796549479166
1222,17.05,0.9999863306681315
1223,22.184,0.9999863306681315
1224,17.05,0.9999857743581136
1225,22.184,0.9999857743581136
1226,17.05,0.9999861717224121
1227,22.184,0.9999861717224121
1228,17.05,0.9999849001566569
1229,22.184,0.9999849001566569
1230,17.05,0.9999837080637614
1231,22.184,0.9999837080637614
1232,17.05,0.9999822775522867
1233,22.184,0.9999822775522867
1234,17.05,0.9999802907307943
1235,22.184,0.9999802907307943
1236,17.05,0.9999808470408121
1237,22.184,0.9999808470408121
1238,17.05,0.9999772707621256
1239,22.184,0.9999772707621256
1240,17.05,0.9999761581420898
1241,22.184,0.9999761581420898
1242,17.05,0.9999754428863525
1243,22.184,0.9999754428863525
1244,17.05,0.9999731381734213
1245,22.184,0.9999731381734213
1246,17.05,0.9999657471974691
1247,22.184,0.9999657471974691
1287,-0.504,0.9999810854593912
1288,-0.504,0.9999809265136719
1289,-0.504,0.9999796549479166
1290,-0.504,0.9999807675679525
1291,-0.504,0.9999799728393555
1292,-0.504,0.9999765555063883
1293,-0.504,0.9999762376149496
1294,-0.504,0.999974250793457
1295,-0.504,0.9999705950419108
1296,-0.504,0.9999728202819824
1297,-0.504,0.9999748865763346
1298,-0.504,0.9999728202819824
1299,-0.504,0.9999605814615885
1339,-18.738,0.9999887943267822
1340,-18.738,0.9999892711639404
1341,-18.738,0.9999895095825195
1342,-18.738,0.9999896685282389
1343,-18.738,0.999988317489624
1344,-18.738,0.9999873638153076
1345,-18.738,0.9999880790710449
1346,-18.738,0.9999853769938151
1347,-18.738,0.9999816417694092
1348,-18.738,0.9999821980794271
1349,-18.738,0.9999831517537435
1350,-18.738,0.9999850591023763
1351,-18.738,0.9999863306681315
1391,-25.389999999999997,0.9999880790710449
1392,-25.389999999999997,0.9999881585439047
1393,-25.389999999999997,0.9999877611796061
1394,-25.389999999999997,0.9999872843424479
1395,-25.389999999999997,0.9999855359395345
1396,-25.389999999999997,0.999986489613851
1397,-25.389999999999997,0.9999863306681315
1398,-25.389999999999997,0.9999837875366211
1399,-25.389999999999997,0.9999805291493734
1400,-25.389999999999997,0.9999808470408121
1401,-25.389999999999997,0.9999818801879883
1402,-25.389999999999997,0.9999822775522867
1403,-25.389999999999997,0.9999829133351644
1443,2.946,0.9999853769938151
1444,2.946,0.9999845027923584
1445,2.946,0.999982754389445
1446,2.946,0.9999810854593912
1447,2.946,0.9999799728393555
1448,2.946,0.9999808470408121
1449,2.946,0.999981164932251
1450,2.946,0.9999807675679525
1451,2.946,0.9999781449635824
1452,2.946,0.9999790986378988
1453,2.946,0.999980608622233
1454,2.946,0.9999794960021973
1455,2.946,0.9999814828236898
1495,-35.45333333333333,0.9999879598617554
1496,-35.45333333333333,0.9999879598617554
1497,-35.45333333333333,0.9999876022338867
1498,-35.45333333333333,0.9999878406524658
1499,-35.45333333333333,0.9999879598617554
1500,-35.45333333333333,0.9999865293502808
1501,-35.45333333333333,0.9999848008155823
1502,-35.45333333333333,0.9999851584434509
1503,-35.45333333333333,0.9999832510948181
1504,-35.45333333333333,0.9999802708625793
1505,-35.45333333333333,0.9999794960021973
1506,-35.45333333333333,0.9999790191650391
1507,-35.45333333333333,0.9999818205833435
1547,-42.13,0.9999825159708658
1548,-42.13,0.9999825159708658
1549,-42.13,0.999982754389445
1550,-42.13,0.9999809265136719
1551,-42.13,0.9999799728393555
1552,-42.13,0.9999775886535645
1553,-42.13,0.9999744892120361
1554,-42.13,0.9999761581420898
1555,-42.13,0.9999751249949137
1556,-42.13,0.9999757607777914
1557,-42.13,0.9999761581420898
1558,-42.13,0.9999748865763346
1559,-42.13,0.9999767939249674
1599,-39.06666666666666,0.9999810854593912
1600,-39.06666666666666,0.9999802907307943
1601,-39.06666666666666,0.9999814033508301
1602,-39.06666666666666,0.9999821980794271
1603,-39.06666666666666,0.9999813238779703
1604,-39.06666666666666,0.9999826749165853
1605,-39.06666666666666,0.9999823570251465
1606,-39.06666666666666,0.9999824364980062
1607,-39.06666666666666,0.9999801317850748
1608,-39.06666666666666,0.9999796549479166
1609,-39.06666666666666,0.9999777475992838
1610,-39.06666666666666,0.9999755223592123
1611,-39.06666666666666,0.9999815622965494
1651,-42.056666666666665,0.9999774297078451
1652,-42.056666666666665,0.9999788602193197
1653,-42.056666666666665,0.9999791781107584
1654,-42.056666666666665,0.9999797344207764
1655,-42.056666666666665,0.9999820391337076
1656,-42.056666666666665,0.999982754389445
1657,-42.056666666666665,0.999982992808024
1658,-42.056666666666665,0.9999808470408121
1659,-42.056666666666665,0.9999772707621256
1660,-42.056666666666665,0.9999744892120361
1661,-42.056666666666665,0.9999767939249674
1662,-42.056666666666665,0.9999765555063883
1663,-42.056666666666665,0.9999798933664957
1703,-34.974000000000004,0.999977191289266
1704,-34.974000000000004,0.9999777475992838
1705,-34.974000000000004,0.9999792575836182
1706,-34.974000000000004,0.9999790191650391
1707,-34.974000000000004,0.999977191289266
1708,-34.974000000000004,0.9999790191650391
1709,-34.974000000000004,0.9999788602193197
1710,-34.974000000000004,0.999976634979248
1711,-34.974000000000004,0.9999697208404541
1712,-34.974000000000004,0.999970277150472
1713,-34.974000000000004,0.9999703566233317
1714,-34.974000000000004,0.9999725023905436
1715,-34.974000000000004,0.9999776681264242
1755,-19.218,0.9999728202819824
1756,-19.218,0.9999731381734213
1757,-19.218,0.9999722639719645
1758,-19.218,0.999971071879069
1759,-19.218,0.999970277150472
1760,-19.218,0.9999698003133138
1761,-19.218,0.9999683698018392
1762,-19.218,0.9999688466389974
1763,-19.218,0.9999643961588541
1764,-19.218,0.9999612967173258
1765,-19.218,0.9999594688415527
1766,-19.218,0.9999599456787109
1767,-19.218,0.9999612172444662
1807,-3.536,0.9999845822652181
1808,-3.536,0.9999855359395345
1809,-3.536,0.9999844233194987
1810,-3.536,0.9999844233194987
1811,-3.536,0.9999842643737793
1812,-3.536,0.9999818007151285
1813,-3.536,0.9999793370564779
1814,-3.536,0.9999785423278809
1815,-3.536,0.9999756018320719
1816,-3.536,0.9999771118164062
1817,-3.536,0.9999771118164062
1818,-3.536,0.9999775886535645
1819,-3.536,0.9999784628550211
